mentionee,relCnt
java,173.195449577
python,144.153183368
cpp,140.837269412
javascript,104.923325262
php,82.7740415682
ruby,70.2406744098
sql,67.632059778
csharp,54.2484248704
haskell,50.4813687834
scala,34.5547863452
perl,29.8249249872
scratch,28.0636661192
scheme,26.8590579807
lisp,22.1836736522
objectivec,19.0183340295
clojure,18.4645170543
forth,14.8315350343
matlab,14.7029520629
asm,12.5621456736
rust,12.3988881602
ocaml,11.0612598598
fortran,10.9393986879
erlang,10.8476860733
visualbasic,10.390337284
lua,8.97820341112
groovy,8.65432612927
fsharp,8.48449731571
dartlang,8.042578356
swift,7.37348649488
elm,6.94173667482
pascal,6.46815247119
cobol,4.69555664495
delphi,3.96217600341
golang,3.90815828041
prolog,3.51707851952
ada,3.27881442797
brainfuck,2.65761895059
tcl,2.06729335188
mathematica,2.04353620613
actionscript,1.80132293881
sml,1.68312884794
d_language,1.50690517134
haxe,0.67949433804
c_programming,0.0
shell,0.0
smalltalk,0.0
