mentioner and mentionee,relCnt
elm,6259.54198473
cobol,6000.0
dartlang,5961.12311015
groovy,5000.0
tcl,4642.85714286
ada,4603.17460317
fsharp,4586.46616541
forth,4358.97435897
delphi,4236.55913978
prolog,3853.50318471
fortran,3853.21100917
sml,3750.0
erlang,3654.97076023
perl,3583.91608392
haxe,3579.54545455
lua,3570.82273113
scala,3505.50381033
ocaml,3424.90842491
pascal,3209.87654321
clojure,3140.91252836
swift,3030.71486817
rust,3010.33941428
lisp,2842.97963558
scheme,2790.69767442
python,2779.42520375
cpp,2573.47565434
java,2545.80684638
mathematica,2448.17374136
ruby,2414.31604489
haskell,2376.57410822
matlab,2261.66464972
php,2242.09614552
sql,2173.10807683
brainfuck,2142.85714286
scratch,2040.81632653
asm,1449.27536232
objectivec,1361.97440585
visualbasic,1283.34534968
d_language,1266.96832579
javascript,1253.6619616
csharp,1207.14543486
actionscript,869.565217391
golang,785.246342996
c_programming,0.0
shell,0.0
smalltalk,0.0
